Suite/Test/Step Name,Browser,Description,Tag,Start time,End time,Duration,Status
API-UserManagement,,,,12-03-2024 10:37:10,12-03-2024 10:38:01,50.555s,PASSED
,,,,,,,
Test Cases/API/UserManagement/API-CreateUser-DataDriven,,,,12-03-2024 10:37:10,12-03-2024 10:37:15,5.002s,PASSED
"if (API_TOKEN == """")",,,,12-03-2024 10:37:11,12-03-2024 10:37:14,2.944s,PASSED
"EMAILADDRESS = com.customKeywords.loyaltyIT.CustomKeywords.randString(12) + ""@email.com""",,,,12-03-2024 10:37:14,12-03-2024 10:37:14,0.029s,PASSED
todaysDate = new java.util.Date(),,,,12-03-2024 10:37:14,12-03-2024 10:37:14,0.000s,PASSED
"EFFECTIVE_DATE = plus(4).format(""yyyy-MM-dd"")",,,,12-03-2024 10:37:14,12-03-2024 10:37:14,0.000s,PASSED
"createUserResponse = sendRequestAndVerify(findTestObject(""API/UserManagement/UM_POST_CreateUser"", [""email"":EMAILADDRESS, ""phone"":phone, ""firstName"":firstName, ""lastName"":lastName, ""company"":company, ""jobTitle"":jobTitle, ""effectiveDate"":EFFECTIVE_DATE]))",,,,12-03-2024 10:37:14,12-03-2024 10:37:14,0.699s,PASSED
"verifyResponseStatusCode(createUserResponse, 201)",,,,12-03-2024 10:37:14,12-03-2024 10:37:14,0.000s,PASSED
"getUserByIdResponse = sendRequestAndVerify(findTestObject(""API/UserManagement/UM_GetUser_ById""))",,,,12-03-2024 10:37:14,12-03-2024 10:37:15,0.514s,PASSED
"verifyResponseStatusCode(getUserByIdResponse, 200)",,,,12-03-2024 10:37:15,12-03-2024 10:37:15,0.011s,PASSED
"userId = getElementPropertyValue(getUserByIdResponse, ""id"")",,,,12-03-2024 10:37:15,12-03-2024 10:37:15,0.016s,PASSED
"verifyEqual(userId, API_USER_ID)",,,,12-03-2024 10:37:15,12-03-2024 10:37:15,0.004s,PASSED
"emailAddr = getElementPropertyValue(getUserByIdResponse, ""email"")",,,,12-03-2024 10:37:15,12-03-2024 10:37:15,0.020s,PASSED
lowerEmail = EMAILADDRESS.toLowerCase(),,,,12-03-2024 10:37:15,12-03-2024 10:37:15,0.001s,PASSED
"verifyEqual(emailAddr, lowerEmail)",,,,12-03-2024 10:37:15,12-03-2024 10:37:15,0.002s,PASSED
"phoneNum = getElementPropertyValue(getUserByIdResponse, ""phone"")",,,,12-03-2024 10:37:15,12-03-2024 10:37:15,0.013s,PASSED
"verifyEqual(phoneNum, phone)",,,,12-03-2024 10:37:15,12-03-2024 10:37:15,0.002s,PASSED
"fName = getElementPropertyValue(getUserByIdResponse, ""firstName"")",,,,12-03-2024 10:37:15,12-03-2024 10:37:15,0.015s,PASSED
"verifyEqual(fName, firstName)",,,,12-03-2024 10:37:15,12-03-2024 10:37:15,0.002s,PASSED
"lName = getElementPropertyValue(getUserByIdResponse, ""lastName"")",,,,12-03-2024 10:37:15,12-03-2024 10:37:15,0.020s,PASSED
"verifyEqual(lName, lastName)",,,,12-03-2024 10:37:15,12-03-2024 10:37:15,0.003s,PASSED
"comp = getElementPropertyValue(getUserByIdResponse, ""company"")",,,,12-03-2024 10:37:15,12-03-2024 10:37:15,0.020s,PASSED
"verifyEqual(comp, company)",,,,12-03-2024 10:37:15,12-03-2024 10:37:15,0.000s,PASSED
"jTitle = getElementPropertyValue(getUserByIdResponse, ""jobTitle"")",,,,12-03-2024 10:37:15,12-03-2024 10:37:15,0.016s,PASSED
"verifyEqual(jTitle, jobTitle)",,,,12-03-2024 10:37:15,12-03-2024 10:37:15,0.003s,PASSED
"status = getElementPropertyValue(getUserByIdResponse, ""status"")",,,,12-03-2024 10:37:15,12-03-2024 10:37:15,0.021s,PASSED
"verifyEqual(status, ""Inactive"")",,,,12-03-2024 10:37:15,12-03-2024 10:37:15,0.000s,PASSED
,,,,,,,
Test Cases/API/UserManagement/API-CreateUser-DataDriven,,,,12-03-2024 10:37:15,12-03-2024 10:37:16,1.211s,PASSED
"if (API_TOKEN == """")",,,,12-03-2024 10:37:15,12-03-2024 10:37:15,0.001s,PASSED
"EMAILADDRESS = com.customKeywords.loyaltyIT.CustomKeywords.randString(12) + ""@email.com""",,,,12-03-2024 10:37:15,12-03-2024 10:37:15,0.001s,PASSED
todaysDate = new java.util.Date(),,,,12-03-2024 10:37:15,12-03-2024 10:37:15,0.001s,PASSED
"EFFECTIVE_DATE = plus(4).format(""yyyy-MM-dd"")",,,,12-03-2024 10:37:15,12-03-2024 10:37:15,0.001s,PASSED
"createUserResponse = sendRequestAndVerify(findTestObject(""API/UserManagement/UM_POST_CreateUser"", [""email"":EMAILADDRESS, ""phone"":phone, ""firstName"":firstName, ""lastName"":lastName, ""company"":company, ""jobTitle"":jobTitle, ""effectiveDate"":EFFECTIVE_DATE]))",,,,12-03-2024 10:37:15,12-03-2024 10:37:16,0.566s,PASSED
"verifyResponseStatusCode(createUserResponse, 201)",,,,12-03-2024 10:37:16,12-03-2024 10:37:16,0.002s,PASSED
"getUserByIdResponse = sendRequestAndVerify(findTestObject(""API/UserManagement/UM_GetUser_ById""))",,,,12-03-2024 10:37:16,12-03-2024 10:37:16,0.445s,PASSED
"verifyResponseStatusCode(getUserByIdResponse, 200)",,,,12-03-2024 10:37:16,12-03-2024 10:37:16,0.003s,PASSED
"userId = getElementPropertyValue(getUserByIdResponse, ""id"")",,,,12-03-2024 10:37:16,12-03-2024 10:37:16,0.018s,PASSED
"verifyEqual(userId, API_USER_ID)",,,,12-03-2024 10:37:16,12-03-2024 10:37:16,0.002s,PASSED
"emailAddr = getElementPropertyValue(getUserByIdResponse, ""email"")",,,,12-03-2024 10:37:16,12-03-2024 10:37:16,0.015s,PASSED
lowerEmail = EMAILADDRESS.toLowerCase(),,,,12-03-2024 10:37:16,12-03-2024 10:37:16,0.000s,PASSED
"verifyEqual(emailAddr, lowerEmail)",,,,12-03-2024 10:37:16,12-03-2024 10:37:16,0.001s,PASSED
"phoneNum = getElementPropertyValue(getUserByIdResponse, ""phone"")",,,,12-03-2024 10:37:16,12-03-2024 10:37:16,0.013s,PASSED
"verifyEqual(phoneNum, phone)",,,,12-03-2024 10:37:16,12-03-2024 10:37:16,0.001s,PASSED
"fName = getElementPropertyValue(getUserByIdResponse, ""firstName"")",,,,12-03-2024 10:37:16,12-03-2024 10:37:16,0.013s,PASSED
"verifyEqual(fName, firstName)",,,,12-03-2024 10:37:16,12-03-2024 10:37:16,0.000s,PASSED
"lName = getElementPropertyValue(getUserByIdResponse, ""lastName"")",,,,12-03-2024 10:37:16,12-03-2024 10:37:16,0.019s,PASSED
"verifyEqual(lName, lastName)",,,,12-03-2024 10:37:16,12-03-2024 10:37:16,0.001s,PASSED
"comp = getElementPropertyValue(getUserByIdResponse, ""company"")",,,,12-03-2024 10:37:16,12-03-2024 10:37:16,0.017s,PASSED
"verifyEqual(comp, company)",,,,12-03-2024 10:37:16,12-03-2024 10:37:16,0.002s,PASSED
"jTitle = getElementPropertyValue(getUserByIdResponse, ""jobTitle"")",,,,12-03-2024 10:37:16,12-03-2024 10:37:16,0.017s,PASSED
"verifyEqual(jTitle, jobTitle)",,,,12-03-2024 10:37:16,12-03-2024 10:37:16,0.001s,PASSED
"status = getElementPropertyValue(getUserByIdResponse, ""status"")",,,,12-03-2024 10:37:16,12-03-2024 10:37:16,0.011s,PASSED
"verifyEqual(status, ""Inactive"")",,,,12-03-2024 10:37:16,12-03-2024 10:37:16,0.002s,PASSED
,,,,,,,
Test Cases/API/UserManagement/API-CreateUser-DataDriven-BadRequests,,,,12-03-2024 10:37:16,12-03-2024 10:37:17,0.686s,PASSED
"if (API_TOKEN == """")",,,,12-03-2024 10:37:17,12-03-2024 10:37:17,0.001s,PASSED
todaysDate = new java.util.Date(),,,,12-03-2024 10:37:17,12-03-2024 10:37:17,0.000s,PASSED
"EFFECTIVE_DATE = plus(4).format(""yyyy-MM-dd"")",,,,12-03-2024 10:37:17,12-03-2024 10:37:17,0.000s,PASSED
"response = sendRequestAndVerify(findTestObject(""API/UserManagement/UM_POST_CreateUser"", [""email"":email, ""phone"":phone, ""firstName"":firstName, ""lastName"":lastName, ""company"":company, ""jobTitle"":""""]))",,,,12-03-2024 10:37:17,12-03-2024 10:37:17,0.580s,PASSED
"verifyResponseStatusCode(response, 400)",,Verify response returns a 400 status code,,12-03-2024 10:37:17,12-03-2024 10:37:17,0.002s,PASSED
,,,,,,,
Test Cases/API/UserManagement/API-CreateUser-DataDriven-BadRequests,,,,12-03-2024 10:37:17,12-03-2024 10:37:18,0.596s,PASSED
"if (API_TOKEN == """")",,,,12-03-2024 10:37:17,12-03-2024 10:37:17,0.000s,PASSED
todaysDate = new java.util.Date(),,,,12-03-2024 10:37:17,12-03-2024 10:37:17,0.000s,PASSED
"EFFECTIVE_DATE = plus(4).format(""yyyy-MM-dd"")",,,,12-03-2024 10:37:17,12-03-2024 10:37:17,0.000s,PASSED
"response = sendRequestAndVerify(findTestObject(""API/UserManagement/UM_POST_CreateUser"", [""email"":email, ""phone"":phone, ""firstName"":firstName, ""lastName"":lastName, ""company"":company, ""jobTitle"":""""]))",,,,12-03-2024 10:37:17,12-03-2024 10:37:18,0.574s,PASSED
"verifyResponseStatusCode(response, 400)",,Verify response returns a 400 status code,,12-03-2024 10:37:18,12-03-2024 10:37:18,0.001s,PASSED
,,,,,,,
Test Cases/API/UserManagement/API-CreateUser-DataDriven-BadRequests,,,,12-03-2024 10:37:18,12-03-2024 10:37:18,0.587s,PASSED
"if (API_TOKEN == """")",,,,12-03-2024 10:37:18,12-03-2024 10:37:18,0.000s,PASSED
todaysDate = new java.util.Date(),,,,12-03-2024 10:37:18,12-03-2024 10:37:18,0.000s,PASSED
"EFFECTIVE_DATE = plus(4).format(""yyyy-MM-dd"")",,,,12-03-2024 10:37:18,12-03-2024 10:37:18,0.000s,PASSED
"response = sendRequestAndVerify(findTestObject(""API/UserManagement/UM_POST_CreateUser"", [""email"":email, ""phone"":phone, ""firstName"":firstName, ""lastName"":lastName, ""company"":company, ""jobTitle"":""""]))",,,,12-03-2024 10:37:18,12-03-2024 10:37:18,0.578s,PASSED
"verifyResponseStatusCode(response, 400)",,Verify response returns a 400 status code,,12-03-2024 10:37:18,12-03-2024 10:37:18,0.000s,PASSED
,,,,,,,
Test Cases/API/UserManagement/API-CreateUser-DataDriven-BadRequests,,,,12-03-2024 10:37:18,12-03-2024 10:37:19,0.541s,PASSED
"if (API_TOKEN == """")",,,,12-03-2024 10:37:18,12-03-2024 10:37:18,0.000s,PASSED
todaysDate = new java.util.Date(),,,,12-03-2024 10:37:18,12-03-2024 10:37:18,0.000s,PASSED
"EFFECTIVE_DATE = plus(4).format(""yyyy-MM-dd"")",,,,12-03-2024 10:37:18,12-03-2024 10:37:18,0.001s,PASSED
"response = sendRequestAndVerify(findTestObject(""API/UserManagement/UM_POST_CreateUser"", [""email"":email, ""phone"":phone, ""firstName"":firstName, ""lastName"":lastName, ""company"":company, ""jobTitle"":""""]))",,,,12-03-2024 10:37:18,12-03-2024 10:37:19,0.532s,PASSED
"verifyResponseStatusCode(response, 400)",,Verify response returns a 400 status code,,12-03-2024 10:37:19,12-03-2024 10:37:19,0.001s,PASSED
,,,,,,,
Test Cases/API/UserManagement/API-CreateUser-DataDriven-BadRequests,,,,12-03-2024 10:37:19,12-03-2024 10:37:20,0.575s,PASSED
"if (API_TOKEN == """")",,,,12-03-2024 10:37:19,12-03-2024 10:37:19,0.000s,PASSED
todaysDate = new java.util.Date(),,,,12-03-2024 10:37:19,12-03-2024 10:37:19,0.000s,PASSED
"EFFECTIVE_DATE = plus(4).format(""yyyy-MM-dd"")",,,,12-03-2024 10:37:19,12-03-2024 10:37:19,0.000s,PASSED
"response = sendRequestAndVerify(findTestObject(""API/UserManagement/UM_POST_CreateUser"", [""email"":email, ""phone"":phone, ""firstName"":firstName, ""lastName"":lastName, ""company"":company, ""jobTitle"":""""]))",,,,12-03-2024 10:37:19,12-03-2024 10:37:20,0.567s,PASSED
"verifyResponseStatusCode(response, 400)",,Verify response returns a 400 status code,,12-03-2024 10:37:20,12-03-2024 10:37:20,0.002s,PASSED
,,,,,,,
Test Cases/API/UserManagement/API-CreateUser-E2E,,,,12-03-2024 10:37:20,12-03-2024 10:37:59,39.298s,PASSED
"sendRequestAndVerify(findTestObject(""API/UserManagement/COGNITO_DeleteUser""))",,,,12-03-2024 10:37:20,12-03-2024 10:37:20,0.543s,PASSED
"if (API_TOKEN == """")",,,,12-03-2024 10:37:20,12-03-2024 10:37:20,0.000s,PASSED
"EMAILADDRESS = ""shane@loyaltyit.com""",,,,12-03-2024 10:37:20,12-03-2024 10:37:20,0.001s,PASSED
todaysDate = new java.util.Date(),,,,12-03-2024 10:37:20,12-03-2024 10:37:20,0.000s,PASSED
"EFFECTIVE_DATE = plus(4).format(""yyyy-MM-dd"")",,,,12-03-2024 10:37:20,12-03-2024 10:37:20,0.001s,PASSED
"createUserResponse = sendRequestAndVerify(findTestObject(""API/UserManagement/UM_POST_CreateUser"", [""email"":EMAILADDRESS, ""phone"":""523453456345632656"", ""firstName"":""Shane"", ""lastName"":""Loftus"", ""company"":""LIT"", ""jobTitle"":""Director"", ... ]))",,,,12-03-2024 10:37:20,12-03-2024 10:37:21,0.487s,PASSED
"verifyResponseStatusCode(createUserResponse, 201)",,,,12-03-2024 10:37:21,12-03-2024 10:37:21,0.001s,PASSED
"sendRequestAndVerify(findTestObject(""API/Auth/AUTH_ValidateCode""))",,,,12-03-2024 10:37:21,12-03-2024 10:37:21,0.219s,PASSED
"createPasswordResponse = sendRequestAndVerify(findTestObject(""API/Auth/AUTH_CreatePassword"", [""password"":PASSWORD_ADMIN, ""confirmPassword"":PASSWORD_ADMIN, ""email"":EMAILADDRESS]))",,,,12-03-2024 10:37:21,12-03-2024 10:37:22,0.826s,PASSED
"session = getElementPropertyValue(createPasswordResponse, ""token"")",,,,12-03-2024 10:37:22,12-03-2024 10:37:22,0.013s,PASSED
"API_NEWUSER_MFA = getElementPropertyValue(createPasswordResponse, ""mfaCode"")",,,,12-03-2024 10:37:22,12-03-2024 10:37:22,0.010s,PASSED
code = com.customKeywords.loyaltyIT.CustomKeywords.generateNewUserMFA(API_NEWUSER_MFA),,,,12-03-2024 10:37:22,12-03-2024 10:37:22,0.001s,PASSED
"sendRequestAndVerify(findTestObject(""API/Auth/AUTH_CreateMFA"", [""session"":session, ""code"":code]))",,,,12-03-2024 10:37:22,12-03-2024 10:37:22,0.444s,PASSED
delay(35),,,,12-03-2024 10:37:22,12-03-2024 10:37:57,35.010s,PASSED
"sendRequestAndVerify(findTestObject(""API/Auth/AUTH_POST_Authenticate"", [""email"":EMAILADDRESS, ""password"":PASSWORD_ADMIN]))",,,,12-03-2024 10:37:57,12-03-2024 10:37:58,0.444s,PASSED
code = com.customKeywords.loyaltyIT.CustomKeywords.generateNewUserMFA(API_NEWUSER_MFA),,,,12-03-2024 10:37:58,12-03-2024 10:37:58,0.001s,PASSED
"sendRequestAndVerify(findTestObject(""API/Auth/AUTH_POST_Authenticate_Mfa"", [""session"":API_SESSION, ""code"":code, ""email"":EMAILADDRESS]))",,,,12-03-2024 10:37:58,12-03-2024 10:37:58,0.459s,PASSED
"callTestCase(findTestCase(""API/01_UM_API_Library/API-GetUser-ById-E2E""), [:], STOP_ON_FAILURE)",,,,12-03-2024 10:37:58,12-03-2024 10:37:59,0.761s,PASSED
,,,,,,,
Test Cases/API/UserManagement/API-GetUser-ById,,,,12-03-2024 10:37:59,12-03-2024 10:37:59,0.660s,PASSED
"if (API_TOKEN == """")",,,,12-03-2024 10:37:59,12-03-2024 10:37:59,0.000s,PASSED
"API_USER_ID = ""3339c67a-76c9-4382-8344-2116369b830f""",,,,12-03-2024 10:37:59,12-03-2024 10:37:59,0.000s,PASSED
"getUserByIdResponse = sendRequestAndVerify(findTestObject(""API/UserManagement/UM_GetUser_ById""))",,,,12-03-2024 10:37:59,12-03-2024 10:37:59,0.481s,PASSED
"verifyResponseStatusCode(getUserByIdResponse, 200)",,,,12-03-2024 10:37:59,12-03-2024 10:37:59,0.003s,PASSED
"userId = getElementPropertyValue(getUserByIdResponse, ""id"")",,,,12-03-2024 10:37:59,12-03-2024 10:37:59,0.010s,PASSED
"verifyEqual(userId, API_USER_ID)",,,,12-03-2024 10:37:59,12-03-2024 10:37:59,0.001s,PASSED
"emailAddr = getElementPropertyValue(getUserByIdResponse, ""email"")",,,,12-03-2024 10:37:59,12-03-2024 10:37:59,0.011s,PASSED
"verifyEqual(emailAddr, ""katalon@loyaltyit.com"")",,,,12-03-2024 10:37:59,12-03-2024 10:37:59,0.001s,PASSED
"phoneNum = getElementPropertyValue(getUserByIdResponse, ""phone"")",,,,12-03-2024 10:37:59,12-03-2024 10:37:59,0.010s,PASSED
"verifyEqual(phoneNum, ""010203040506"")",,,,12-03-2024 10:37:59,12-03-2024 10:37:59,0.002s,PASSED
"fName = getElementPropertyValue(getUserByIdResponse, ""firstName"")",,,,12-03-2024 10:37:59,12-03-2024 10:37:59,0.009s,PASSED
"verifyEqual(fName, ""Katalon"")",,,,12-03-2024 10:37:59,12-03-2024 10:37:59,0.004s,PASSED
"lName = getElementPropertyValue(getUserByIdResponse, ""lastName"")",,,,12-03-2024 10:37:59,12-03-2024 10:37:59,0.011s,PASSED
"verifyEqual(lName, ""QA"")",,,,12-03-2024 10:37:59,12-03-2024 10:37:59,0.001s,PASSED
"comp = getElementPropertyValue(getUserByIdResponse, ""company"")",,,,12-03-2024 10:37:59,12-03-2024 10:37:59,0.013s,PASSED
"verifyEqual(comp, ""Loyalty IT"")",,,,12-03-2024 10:37:59,12-03-2024 10:37:59,0.002s,PASSED
"status = getElementPropertyValue(getUserByIdResponse, ""status"")",,,,12-03-2024 10:37:59,12-03-2024 10:37:59,0.014s,PASSED
"verifyEqual(status, ""Active"")",,,,12-03-2024 10:37:59,12-03-2024 10:37:59,0.001s,PASSED
,,,,,,,
Test Cases/API/UserManagement/API-GetUser-List,,,,12-03-2024 10:37:59,12-03-2024 10:38:00,0.512s,PASSED
"if (API_TOKEN == """")",,,,12-03-2024 10:38:00,12-03-2024 10:38:00,0.010s,PASSED
"getUserList = sendRequestAndVerify(findTestObject(""API/UserManagement/UM_GetUser_List""))",,,,12-03-2024 10:38:00,12-03-2024 10:38:00,0.463s,PASSED
"verifyResponseStatusCode(getUserList, 200)",,,,12-03-2024 10:38:00,12-03-2024 10:38:00,0.002s,PASSED
,,,,,,,
Test Cases/API/UserManagement/API-GetUser-NotFound,,,,12-03-2024 10:38:00,12-03-2024 10:38:01,0.490s,PASSED
"if (API_TOKEN == """")",,,,12-03-2024 10:38:00,12-03-2024 10:38:00,0.001s,PASSED
"API_USER_ID = ""0dbd971d-c1ac-4fbe-edfc-9cdb1cceb9b0""",,,,12-03-2024 10:38:00,12-03-2024 10:38:00,0.005s,PASSED
"getUserById = sendRequestAndVerify(findTestObject(""API/UserManagement/UM_GetUser_ById""))",,,,12-03-2024 10:38:00,12-03-2024 10:38:00,0.450s,PASSED
"verifyResponseStatusCode(getUserById, 404)",,,,12-03-2024 10:38:00,12-03-2024 10:38:01,0.001s,PASSED
