Suite/Test/Step Name,Browser,Description,Tag,Start time,End time,Duration,Status
API-Authentication,,,,01-03-2024 10:04:57,01-03-2024 10:06:54,1m - 56.951s,PASSED
,,,,,,,
Test Cases/API/Authentication/API-ResetPassword,,,,01-03-2024 10:04:58,01-03-2024 10:06:54,1m - 56.786s,PASSED
delay(35),,,,01-03-2024 10:04:58,01-03-2024 10:05:33,35.088s,PASSED
"callTestCase(findTestCase(""API/UserManagement/API-CreateUser-E2E""), [:], STOP_ON_FAILURE)",,,,01-03-2024 10:05:33,01-03-2024 10:06:17,44.397s,PASSED
"sendRequestAndVerify(findTestObject(""API/Auth/AUTH_ForgotPassword""))",,,,01-03-2024 10:06:17,01-03-2024 10:06:18,0.199s,PASSED
"sendRequestAndVerify(findTestObject(""API/Auth/AUTH_ValidateCode""))",,,,01-03-2024 10:06:18,01-03-2024 10:06:18,0.199s,PASSED
password = com.customKeywords.loyaltyIT.CustomKeywords.decryptPass(),,,,01-03-2024 10:06:18,01-03-2024 10:06:18,0.008s,PASSED
"resetPasswordResponse = sendRequestAndVerify(findTestObject(""API/Auth/AUTH_ResetPassword"", [""password"":password, ""confirmPassword"":password, ""email"":""shane@loyaltyit.com""]))",,,,01-03-2024 10:06:18,01-03-2024 10:06:18,0.677s,PASSED
delay(35),,,,01-03-2024 10:06:18,01-03-2024 10:06:53,35.014s,PASSED
"sendRequestAndVerify(findTestObject(""API/Auth/AUTH_POST_Authenticate"", [""email"":""shane@loyaltyit.com"", ""password"":password]))",,,,01-03-2024 10:06:53,01-03-2024 10:06:54,0.428s,PASSED
code = com.customKeywords.loyaltyIT.CustomKeywords.generateNewUserMFA(API_NEWUSER_MFA),,,,01-03-2024 10:06:54,01-03-2024 10:06:54,0.001s,PASSED
"sendRequestAndVerify(findTestObject(""API/Auth/AUTH_POST_Authenticate_Mfa"", [""session"":API_SESSION, ""code"":code, ""email"":""shane@loyaltyit.com""]))",,,,01-03-2024 10:06:54,01-03-2024 10:06:54,0.436s,PASSED
