Suite/Test/Step Name,Browser,Description,Tag,Start time,End time,Duration,Status
API-UserManagement,,,,01-03-2024 10:07:25,01-03-2024 10:08:11,45.742s,PASSED
,,,,,,,
Test Cases/API/UserManagement/API-CreateUser-DataDriven,,,,01-03-2024 10:07:26,01-03-2024 10:07:30,3.990s,PASSED
"if (API_TOKEN == """")",,,,01-03-2024 10:07:26,01-03-2024 10:07:29,2.684s,PASSED
"EMAILADDRESS = com.customKeywords.loyaltyIT.CustomKeywords.randString(12) + ""@email.com""",,,,01-03-2024 10:07:29,01-03-2024 10:07:29,0.020s,PASSED
todaysDate = new java.util.Date(),,,,01-03-2024 10:07:29,01-03-2024 10:07:29,0.003s,PASSED
"EFFECTIVE_DATE = plus(4).format(""yyyy-MM-dd"")",,,,01-03-2024 10:07:29,01-03-2024 10:07:29,0.002s,PASSED
"response = sendRequestAndVerify(findTestObject(""API/UserManagement/UM_POST_CreateUser"", [""email"":EMAILADDRESS, ""phone"":phone, ""firstName"":firstName, ""lastName"":lastName, ""company"":company, ""jobTitle"":jobTitle, ""effectiveDate"":EFFECTIVE_DATE]))",,,,01-03-2024 10:07:29,01-03-2024 10:07:30,0.648s,PASSED
"verifyResponseStatusCode(response, 201)",,,,01-03-2024 10:07:30,01-03-2024 10:07:30,0.004s,PASSED
println(API_USER_ID),,,,01-03-2024 10:07:30,01-03-2024 10:07:30,0.003s,PASSED
,,,,,,,
Test Cases/API/UserManagement/API-CreateUser-DataDriven,,,,01-03-2024 10:07:30,01-03-2024 10:07:30,0.612s,PASSED
"if (API_TOKEN == """")",,,,01-03-2024 10:07:30,01-03-2024 10:07:30,0.002s,PASSED
"EMAILADDRESS = com.customKeywords.loyaltyIT.CustomKeywords.randString(12) + ""@email.com""",,,,01-03-2024 10:07:30,01-03-2024 10:07:30,0.001s,PASSED
todaysDate = new java.util.Date(),,,,01-03-2024 10:07:30,01-03-2024 10:07:30,0.000s,PASSED
"EFFECTIVE_DATE = plus(4).format(""yyyy-MM-dd"")",,,,01-03-2024 10:07:30,01-03-2024 10:07:30,0.000s,PASSED
"response = sendRequestAndVerify(findTestObject(""API/UserManagement/UM_POST_CreateUser"", [""email"":EMAILADDRESS, ""phone"":phone, ""firstName"":firstName, ""lastName"":lastName, ""company"":company, ""jobTitle"":jobTitle, ""effectiveDate"":EFFECTIVE_DATE]))",,,,01-03-2024 10:07:30,01-03-2024 10:07:30,0.533s,PASSED
"verifyResponseStatusCode(response, 201)",,,,01-03-2024 10:07:30,01-03-2024 10:07:30,0.001s,PASSED
println(API_USER_ID),,,,01-03-2024 10:07:30,01-03-2024 10:07:30,0.000s,PASSED
,,,,,,,
Test Cases/API/UserManagement/API-CreateUser-DataDriven-BadRequests,,,,01-03-2024 10:07:30,01-03-2024 10:07:31,0.681s,PASSED
"if (API_TOKEN == """")",,,,01-03-2024 10:07:30,01-03-2024 10:07:30,0.001s,PASSED
"EMAILADDRESS = com.customKeywords.loyaltyIT.CustomKeywords.randString(12) + ""@email.com""",,,,01-03-2024 10:07:30,01-03-2024 10:07:30,0.003s,PASSED
todaysDate = new java.util.Date(),,,,01-03-2024 10:07:30,01-03-2024 10:07:30,0.000s,PASSED
"EFFECTIVE_DATE = plus(4).format(""yyyy-MM-dd"")",,,,01-03-2024 10:07:30,01-03-2024 10:07:30,0.001s,PASSED
"response = sendRequestAndVerify(findTestObject(""API/UserManagement/UM_POST_CreateUser"", [""email"":EMAILADDRESS, ""phone"":phone, ""firstName"":firstName, ""lastName"":lastName, ""company"":company, ""jobTitle"":""""]))",,,,01-03-2024 10:07:30,01-03-2024 10:07:31,0.603s,PASSED
"verifyResponseStatusCode(response, 400)",,Verify response returns a 400 status code,,01-03-2024 10:07:31,01-03-2024 10:07:31,0.001s,PASSED
,,,,,,,
Test Cases/API/UserManagement/API-CreateUser-DataDriven-BadRequests,,,,01-03-2024 10:07:31,01-03-2024 10:07:32,0.666s,PASSED
"if (API_TOKEN == """")",,,,01-03-2024 10:07:31,01-03-2024 10:07:31,0.000s,PASSED
"EMAILADDRESS = com.customKeywords.loyaltyIT.CustomKeywords.randString(12) + ""@email.com""",,,,01-03-2024 10:07:31,01-03-2024 10:07:31,0.001s,PASSED
todaysDate = new java.util.Date(),,,,01-03-2024 10:07:31,01-03-2024 10:07:31,0.001s,PASSED
"EFFECTIVE_DATE = plus(4).format(""yyyy-MM-dd"")",,,,01-03-2024 10:07:31,01-03-2024 10:07:31,0.000s,PASSED
"response = sendRequestAndVerify(findTestObject(""API/UserManagement/UM_POST_CreateUser"", [""email"":EMAILADDRESS, ""phone"":phone, ""firstName"":firstName, ""lastName"":lastName, ""company"":company, ""jobTitle"":""""]))",,,,01-03-2024 10:07:31,01-03-2024 10:07:32,0.632s,PASSED
"verifyResponseStatusCode(response, 400)",,Verify response returns a 400 status code,,01-03-2024 10:07:32,01-03-2024 10:07:32,0.001s,PASSED
,,,,,,,
Test Cases/API/UserManagement/API-CreateUser-DataDriven-BadRequests,,,,01-03-2024 10:07:32,01-03-2024 10:07:32,0.511s,PASSED
"if (API_TOKEN == """")",,,,01-03-2024 10:07:32,01-03-2024 10:07:32,0.000s,PASSED
"EMAILADDRESS = com.customKeywords.loyaltyIT.CustomKeywords.randString(12) + ""@email.com""",,,,01-03-2024 10:07:32,01-03-2024 10:07:32,0.002s,PASSED
todaysDate = new java.util.Date(),,,,01-03-2024 10:07:32,01-03-2024 10:07:32,0.000s,PASSED
"EFFECTIVE_DATE = plus(4).format(""yyyy-MM-dd"")",,,,01-03-2024 10:07:32,01-03-2024 10:07:32,0.000s,PASSED
"response = sendRequestAndVerify(findTestObject(""API/UserManagement/UM_POST_CreateUser"", [""email"":EMAILADDRESS, ""phone"":phone, ""firstName"":firstName, ""lastName"":lastName, ""company"":company, ""jobTitle"":""""]))",,,,01-03-2024 10:07:32,01-03-2024 10:07:32,0.481s,PASSED
"verifyResponseStatusCode(response, 400)",,Verify response returns a 400 status code,,01-03-2024 10:07:32,01-03-2024 10:07:32,0.002s,PASSED
,,,,,,,
Test Cases/API/UserManagement/API-CreateUser-DataDriven-BadRequests,,,,01-03-2024 10:07:32,01-03-2024 10:07:33,0.594s,PASSED
"if (API_TOKEN == """")",,,,01-03-2024 10:07:32,01-03-2024 10:07:32,0.000s,PASSED
"EMAILADDRESS = com.customKeywords.loyaltyIT.CustomKeywords.randString(12) + ""@email.com""",,,,01-03-2024 10:07:32,01-03-2024 10:07:32,0.001s,PASSED
todaysDate = new java.util.Date(),,,,01-03-2024 10:07:32,01-03-2024 10:07:32,0.000s,PASSED
"EFFECTIVE_DATE = plus(4).format(""yyyy-MM-dd"")",,,,01-03-2024 10:07:32,01-03-2024 10:07:32,0.001s,PASSED
"response = sendRequestAndVerify(findTestObject(""API/UserManagement/UM_POST_CreateUser"", [""email"":EMAILADDRESS, ""phone"":phone, ""firstName"":firstName, ""lastName"":lastName, ""company"":company, ""jobTitle"":""""]))",,,,01-03-2024 10:07:32,01-03-2024 10:07:33,0.562s,PASSED
"verifyResponseStatusCode(response, 400)",,Verify response returns a 400 status code,,01-03-2024 10:07:33,01-03-2024 10:07:33,0.001s,PASSED
,,,,,,,
Test Cases/API/UserManagement/API-CreateUser-E2E,,,,01-03-2024 10:07:33,01-03-2024 10:08:11,38.368s,PASSED
"sendRequestAndVerify(findTestObject(""API/UserManagement/COGNITO_DeleteUser""))",,,,01-03-2024 10:07:33,01-03-2024 10:07:33,0.483s,PASSED
"if (API_TOKEN == """")",,,,01-03-2024 10:07:33,01-03-2024 10:07:33,0.000s,PASSED
"EMAILADDRESS = ""shane@loyaltyit.com""",,,,01-03-2024 10:07:33,01-03-2024 10:07:33,0.001s,PASSED
todaysDate = new java.util.Date(),,,,01-03-2024 10:07:33,01-03-2024 10:07:33,0.001s,PASSED
"EFFECTIVE_DATE = plus(4).format(""yyyy-MM-dd"")",,,,01-03-2024 10:07:33,01-03-2024 10:07:33,0.001s,PASSED
"createUserResponse = sendRequestAndVerify(findTestObject(""API/UserManagement/UM_POST_CreateUser"", [""email"":EMAILADDRESS, ""phone"":""523453456345632656"", ""firstName"":""Shane"", ""lastName"":""Loftus"", ""company"":""LIT"", ""jobTitle"":""Director"", ... ]))",,,,01-03-2024 10:07:33,01-03-2024 10:07:34,0.511s,PASSED
"verifyResponseStatusCode(createUserResponse, 201)",,,,01-03-2024 10:07:34,01-03-2024 10:07:34,0.001s,PASSED
"sendRequestAndVerify(findTestObject(""API/Auth/AUTH_ValidateCode""))",,,,01-03-2024 10:07:34,01-03-2024 10:07:34,0.205s,PASSED
"createPasswordResponse = sendRequestAndVerify(findTestObject(""API/Auth/AUTH_CreatePassword"", [""password"":PASSWORD_ADMIN, ""confirmPassword"":PASSWORD_ADMIN, ""email"":EMAILADDRESS]))",,,,01-03-2024 10:07:34,01-03-2024 10:07:35,0.775s,PASSED
"session = getElementPropertyValue(createPasswordResponse, ""token"")",,,,01-03-2024 10:07:35,01-03-2024 10:07:35,0.017s,PASSED
"API_NEWUSER_MFA = getElementPropertyValue(createPasswordResponse, ""mfaCode"")",,,,01-03-2024 10:07:35,01-03-2024 10:07:35,0.012s,PASSED
code = com.customKeywords.loyaltyIT.CustomKeywords.generateNewUserMFA(API_NEWUSER_MFA),,,,01-03-2024 10:07:35,01-03-2024 10:07:35,0.001s,PASSED
"sendRequestAndVerify(findTestObject(""API/Auth/AUTH_CreateMFA"", [""session"":session, ""code"":code]))",,,,01-03-2024 10:07:35,01-03-2024 10:07:35,0.447s,PASSED
delay(35),,,,01-03-2024 10:07:35,01-03-2024 10:08:10,35.016s,PASSED
"sendRequestAndVerify(findTestObject(""API/Auth/AUTH_POST_Authenticate"", [""email"":""shane@loyaltyit.com"", ""password"":PASSWORD_ADMIN]))",,,,01-03-2024 10:08:10,01-03-2024 10:08:11,0.433s,PASSED
code = com.customKeywords.loyaltyIT.CustomKeywords.generateNewUserMFA(API_NEWUSER_MFA),,,,01-03-2024 10:08:11,01-03-2024 10:08:11,0.000s,PASSED
"sendRequestAndVerify(findTestObject(""API/Auth/AUTH_POST_Authenticate_Mfa"", [""session"":API_SESSION, ""code"":code, ""email"":EMAILADDRESS]))",,,,01-03-2024 10:08:11,01-03-2024 10:08:11,0.396s,PASSED
