Suite/Test/Step Name,Browser,Description,Tag,Start time,End time,Duration,Status
UI-UserManagement,Edge Chromium 122,,,13-03-2024 10:55:29,13-03-2024 11:06:57,11m - 27.748s,PASSED
,,,,,,,
Test Cases/UI/User Management/Create New User/UM-CreateNewUser-BackButton,Edge Chromium 122,,,13-03-2024 10:55:29,13-03-2024 10:56:27,58.263s,PASSED
"callTestCase(findTestCase(""UI/User Management/Create New User/UM-ReviewNewUser""), [:], STOP_ON_FAILURE)",Edge Chromium 122,,,13-03-2024 10:55:29,13-03-2024 10:55:57,27.605s,PASSED
"click(findTestObject(""NewUser_ReviewPage/btn-back""))",Edge Chromium 122,,,13-03-2024 10:55:57,13-03-2024 10:55:57,0.338s,PASSED
"emailAddress = getAttribute(findTestObject(""Page_Users/txt-email""), ""value"")",Edge Chromium 122,,,13-03-2024 10:55:57,13-03-2024 10:55:58,0.524s,PASSED
"verifyEqual(emailAddress, EMAILADDRESS)",Edge Chromium 122,,,13-03-2024 10:55:58,13-03-2024 10:55:58,0.005s,PASSED
"phoneNumber = getAttribute(findTestObject(""Page_Users/txt-phoneNumber""), ""value"")",Edge Chromium 122,,,13-03-2024 10:55:58,13-03-2024 10:55:58,0.292s,PASSED
"verifyEqual(phoneNumber, ""+555 81295799"")",Edge Chromium 122,,,13-03-2024 10:55:58,13-03-2024 10:55:58,0.002s,PASSED
"firstName = getAttribute(findTestObject(""Page_Users/txt-firstName""), ""value"")",Edge Chromium 122,,,13-03-2024 10:55:58,13-03-2024 10:55:58,0.299s,PASSED
"verifyEqual(firstName, ""Jane"")",Edge Chromium 122,,,13-03-2024 10:55:58,13-03-2024 10:55:58,0.001s,PASSED
"lastName = getAttribute(findTestObject(""Page_Users/txt-lastName""), ""value"")",Edge Chromium 122,,,13-03-2024 10:55:58,13-03-2024 10:55:59,0.290s,PASSED
"verifyEqual(lastName, ""Doe"")",Edge Chromium 122,,,13-03-2024 10:55:59,13-03-2024 10:55:59,0.001s,PASSED
"company = getAttribute(findTestObject(""Page_Users/txt-company""), ""value"")",Edge Chromium 122,,,13-03-2024 10:55:59,13-03-2024 10:55:59,0.301s,PASSED
"verifyEqual(company, ""Stark Enterprises"")",Edge Chromium 122,,,13-03-2024 10:55:59,13-03-2024 10:55:59,0.002s,PASSED
"jobTitle = getAttribute(findTestObject(""Page_Users/txt-jobTitle""), ""value"")",Edge Chromium 122,,,13-03-2024 10:55:59,13-03-2024 10:55:59,0.291s,PASSED
"verifyEqual(jobTitle, ""CEO"")",Edge Chromium 122,,,13-03-2024 10:55:59,13-03-2024 10:55:59,0.000s,PASSED
"effectiveDate = getAttribute(findTestObject(""Page_Users/txt-effectiveDate""), ""value"")",Edge Chromium 122,,,13-03-2024 10:55:59,13-03-2024 10:55:59,0.306s,PASSED
"verifyEqual(effectiveDate, EFFECTIVE_DATE)",Edge Chromium 122,,,13-03-2024 10:55:59,13-03-2024 10:55:59,0.001s,PASSED
"scrollToElement(findTestObject(""Page_Users/btn-cancel""), 5)",Edge Chromium 122,,,13-03-2024 10:55:59,13-03-2024 10:56:00,0.292s,PASSED
"click(findTestObject(""Page_Users/btn-cancel""))",Edge Chromium 122,,,13-03-2024 10:56:00,13-03-2024 10:56:00,0.349s,PASSED
"verifyElementVisible(findTestObject(""Portal_UI_ViewUsers/h-viewUsers""))",Edge Chromium 122,,,13-03-2024 10:56:00,13-03-2024 10:56:02,2.004s,PASSED
Start tear down : tearDownTestCase,Edge Chromium 122,,,13-03-2024 10:56:02,13-03-2024 10:56:27,25.114s,PASSED
,,,,,,,
Test Cases/UI/User Management/Create New User/UM-CreateNewUser-CancelButton-No,Edge Chromium 122,,,13-03-2024 10:56:27,13-03-2024 10:57:19,51.940s,PASSED
"callTestCase(findTestCase(""UI/User Management/Create New User/UM-ReviewNewUser""), [:], STOP_ON_FAILURE)",Edge Chromium 122,,,13-03-2024 10:56:27,13-03-2024 10:56:52,25.178s,PASSED
"click(findTestObject(""NewUser_ReviewPage/btn-cancel""))",Edge Chromium 122,,,13-03-2024 10:56:52,13-03-2024 10:56:53,0.324s,PASSED
"verifyElementText(findTestObject(""NewUser_ReviewPage/h_cancelUserSetup""), ""Cancel new user setup?"")",Edge Chromium 122,,,13-03-2024 10:56:53,13-03-2024 10:56:53,0.527s,PASSED
"click(findTestObject(""NewUser_ReviewPage/btn-cancel-No""))",Edge Chromium 122,,,13-03-2024 10:56:53,13-03-2024 10:56:54,0.318s,PASSED
"verifyElementVisible(findTestObject(""NewUser_ReviewPage/h-newUser""))",Edge Chromium 122,,,13-03-2024 10:56:54,13-03-2024 10:56:54,0.526s,PASSED
Start tear down : tearDownTestCase,Edge Chromium 122,,,13-03-2024 10:56:54,13-03-2024 10:57:19,25.007s,PASSED
,,,,,,,
Test Cases/UI/User Management/Create New User/UM-CreateNewUser-CancelButton-Yes,Edge Chromium 122,,,13-03-2024 10:57:19,13-03-2024 10:58:12,52.801s,PASSED
"callTestCase(findTestCase(""UI/User Management/Create New User/UM-ReviewNewUser""), [:], STOP_ON_FAILURE)",Edge Chromium 122,,,13-03-2024 10:57:19,13-03-2024 10:57:44,24.780s,PASSED
"click(findTestObject(""NewUser_ReviewPage/btn-cancel""))",Edge Chromium 122,,,13-03-2024 10:57:44,13-03-2024 10:57:44,0.332s,PASSED
"verifyElementText(findTestObject(""NewUser_ReviewPage/h_cancelUserSetup""), ""Cancel new user setup?"")",Edge Chromium 122,,,13-03-2024 10:57:44,13-03-2024 10:57:45,0.501s,PASSED
"click(findTestObject(""NewUser_ReviewPage/btn-cancel-Yes""))",Edge Chromium 122,,,13-03-2024 10:57:45,13-03-2024 10:57:45,0.350s,PASSED
"verifyElementVisible(findTestObject(""Portal_UI_ViewUsers/h-viewUsers""))",Edge Chromium 122,,,13-03-2024 10:57:45,13-03-2024 10:57:47,1.800s,PASSED
Start tear down : tearDownTestCase,Edge Chromium 122,,,13-03-2024 10:57:47,13-03-2024 10:58:12,25.003s,PASSED
,,,,,,,
Test Cases/UI/User Management/Create New User/UM-CreateNewUser-RequiredFieldsValidation,Edge Chromium 122,,,13-03-2024 10:58:12,13-03-2024 10:58:52,40.122s,PASSED
"callTestCase(findTestCase(""UI/Authentication/Login/Login-Admin-ValidCredentials""), [:], STOP_ON_FAILURE)",Edge Chromium 122,,,13-03-2024 10:58:12,13-03-2024 10:58:22,10.098s,PASSED
"click(findTestObject(""Page_Home/btn-toggleMenu""))",Edge Chromium 122,,,13-03-2024 10:58:22,13-03-2024 10:58:22,0.313s,PASSED
"click(findTestObject(""Page_Home/span_Users""))",Edge Chromium 122,,,13-03-2024 10:58:22,13-03-2024 10:58:23,0.551s,PASSED
"click(findTestObject(""Page_Home/span_New user""))",Edge Chromium 122,,,13-03-2024 10:58:23,13-03-2024 10:58:24,0.674s,PASSED
"click(findTestObject(""Page_Home/btn-toggleMenu""))",Edge Chromium 122,,,13-03-2024 10:58:24,13-03-2024 10:58:24,0.799s,PASSED
"scrollToElement(findTestObject(""Page_Users/btn-next""), 5)",Edge Chromium 122,,,13-03-2024 10:58:24,13-03-2024 10:58:25,0.537s,PASSED
"click(findTestObject(""Page_Users/btn-next""))",Edge Chromium 122,,,13-03-2024 10:58:25,13-03-2024 10:58:25,0.331s,PASSED
"verifyElementText(findTestObject(""Page_Users/vdn-emailAddress""), ""Email Address is required."")",Edge Chromium 122,,,13-03-2024 10:58:25,13-03-2024 10:58:26,0.567s,PASSED
"verifyElementText(findTestObject(""Page_Users/vdn-phoneNumberRequired""), ""Phone Number is required."")",Edge Chromium 122,,,13-03-2024 10:58:26,13-03-2024 10:58:26,0.308s,PASSED
"verifyElementText(findTestObject(""Page_Users/vdn-firstNameRequired""), ""First Name is required."")",Edge Chromium 122,,,13-03-2024 10:58:26,13-03-2024 10:58:27,0.305s,PASSED
"verifyElementText(findTestObject(""Page_Users/vdn-lastNameRequired""), ""Last Name is required."")",Edge Chromium 122,,,13-03-2024 10:58:27,13-03-2024 10:58:27,0.299s,PASSED
"verifyElementText(findTestObject(""Page_Users/vdn-companyRequired""), ""Company is required."")",Edge Chromium 122,,,13-03-2024 10:58:27,13-03-2024 10:58:27,0.296s,PASSED
Start tear down : tearDownTestCase,Edge Chromium 122,,,13-03-2024 10:58:27,13-03-2024 10:58:52,25.014s,PASSED
,,,,,,,
Test Cases/UI/User Management/Create New User/UM-CreateNewUser,Edge Chromium 122,,,13-03-2024 10:58:52,13-03-2024 10:59:44,51.667s,PASSED
"callTestCase(findTestCase(""UI/User Management/Create New User/UM-ReviewNewUser""), [:], STOP_ON_FAILURE)",Edge Chromium 122,,,13-03-2024 10:58:52,13-03-2024 10:59:17,24.467s,PASSED
"click(findTestObject(""NewUser_ReviewPage/btn-createUser""))",Edge Chromium 122,,,13-03-2024 10:59:17,13-03-2024 10:59:17,0.338s,PASSED
"waitForElementVisible(findTestObject(""Portal_UI_ViewUsers/h-viewUsers""), 10)",Edge Chromium 122,,,13-03-2024 10:59:17,13-03-2024 10:59:18,1.506s,PASSED
"verifyElementText(findTestObject(""NewUser_ReviewPage/tst-userCreatedSuccessfully""), ""User has been created successfully."")",Edge Chromium 122,,,13-03-2024 10:59:18,13-03-2024 10:59:19,0.309s,PASSED
Start tear down : tearDownTestCase,Edge Chromium 122,,,13-03-2024 10:59:19,13-03-2024 10:59:44,25.013s,PASSED
,,,,,,,
Test Cases/UI/User Management/Create New User/UM-EditNewUser,Edge Chromium 122,,,13-03-2024 10:59:44,13-03-2024 11:00:49,1m - 5.495s,PASSED
"callTestCase(findTestCase(""UI/User Management/Create New User/UM-ReviewNewUser""), [:], STOP_ON_FAILURE)",Edge Chromium 122,,,13-03-2024 10:59:44,13-03-2024 11:00:08,24.577s,PASSED
"click(findTestObject(""NewUser_ReviewPage/btn-back""))",Edge Chromium 122,,,13-03-2024 11:00:08,13-03-2024 11:00:09,0.329s,PASSED
"EMAILADDRESS = com.customKeywords.loyaltyIT.CustomKeywords.randString(12) + ""@email.com""",Edge Chromium 122,,,13-03-2024 11:00:09,13-03-2024 11:00:09,0.001s,PASSED
"setText(findTestObject(""Page_Users/txt-email""), EMAILADDRESS)",Edge Chromium 122,,,13-03-2024 11:00:09,13-03-2024 11:00:10,0.906s,PASSED
"setText(findTestObject(""Page_Users/txt-phoneNumber""), ""+555 81295700"")",Edge Chromium 122,,,13-03-2024 11:00:10,13-03-2024 11:00:10,0.676s,PASSED
"setText(findTestObject(""Page_Users/txt-firstName""), ""Tony"")",Edge Chromium 122,,,13-03-2024 11:00:10,13-03-2024 11:00:11,0.649s,PASSED
"setText(findTestObject(""Page_Users/txt-lastName""), ""Stark"")",Edge Chromium 122,,,13-03-2024 11:00:11,13-03-2024 11:00:12,0.640s,PASSED
"setText(findTestObject(""Page_Users/txt-company""), ""Shield"")",Edge Chromium 122,,,13-03-2024 11:00:12,13-03-2024 11:00:12,0.654s,PASSED
"setText(findTestObject(""Page_Users/txt-jobTitle""), ""Founder"")",Edge Chromium 122,,,13-03-2024 11:00:12,13-03-2024 11:00:13,0.654s,PASSED
"scrollToElement(findTestObject(""Page_Users/txt-calendar""), 5)",Edge Chromium 122,,,13-03-2024 11:00:13,13-03-2024 11:00:13,0.294s,PASSED
todaysDate = new java.util.Date(),Edge Chromium 122,,,13-03-2024 11:00:13,13-03-2024 11:00:13,0.000s,PASSED
"EFFECTIVE_DATE = plus(4).format(""MM/dd/yyyy"")",Edge Chromium 122,,,13-03-2024 11:00:13,13-03-2024 11:00:13,0.001s,PASSED
delay(5),Edge Chromium 122,,,13-03-2024 11:00:13,13-03-2024 11:00:18,5.007s,PASSED
"datePicker = findWebElement(findTestObject(""Page_Users/txt-calendar""), 5)",Edge Chromium 122,,,13-03-2024 11:00:18,13-03-2024 11:00:19,0.307s,PASSED
"executeJavaScript(""arguments[0].value = '"" + EFFECTIVE_DATE + ""';"", Arrays.asList(datePicker))",Edge Chromium 122,,,13-03-2024 11:00:19,13-03-2024 11:00:19,0.016s,PASSED
"sendKeys(findTestObject(""Page_Users/txt-calendar""), Keys.chord(ENTER))",Edge Chromium 122,,,13-03-2024 11:00:19,13-03-2024 11:00:19,0.354s,PASSED
"enhancedClick(findTestObject(""Page_Users/btn-next""))",Edge Chromium 122,,,13-03-2024 11:00:19,13-03-2024 11:00:19,0.547s,PASSED
"verifyElementText(findTestObject(""NewUser_ReviewPage/lbl-emailAddress""), EMAILADDRESS)",Edge Chromium 122,,,13-03-2024 11:00:19,13-03-2024 11:00:20,0.549s,PASSED
"verifyElementText(findTestObject(""NewUser_ReviewPage/lbl-phoneNumber""), ""+555 81295700"")",Edge Chromium 122,,,13-03-2024 11:00:20,13-03-2024 11:00:20,0.298s,PASSED
"verifyElementText(findTestObject(""NewUser_ReviewPage/lbl-firstName""), ""Tony"")",Edge Chromium 122,,,13-03-2024 11:00:20,13-03-2024 11:00:21,0.309s,PASSED
"verifyElementText(findTestObject(""NewUser_ReviewPage/lbl-lastName""), ""Stark"")",Edge Chromium 122,,,13-03-2024 11:00:21,13-03-2024 11:00:21,0.303s,PASSED
"verifyElementText(findTestObject(""NewUser_ReviewPage/lbl-company""), ""Shield"")",Edge Chromium 122,,,13-03-2024 11:00:21,13-03-2024 11:00:21,0.289s,PASSED
"verifyElementText(findTestObject(""NewUser_ReviewPage/lbl-jobTitle""), ""Founder"")",Edge Chromium 122,,,13-03-2024 11:00:21,13-03-2024 11:00:22,0.314s,PASSED
"text = getText(findTestObject(""NewUser_ReviewPage/lbl-effectiveDate""))",Edge Chromium 122,,,13-03-2024 11:00:22,13-03-2024 11:00:22,0.309s,PASSED
"verifyMatch(text, "".*/2024.*"", true, STOP_ON_FAILURE)",Edge Chromium 122,,,13-03-2024 11:00:22,13-03-2024 11:00:22,0.001s,PASSED
"scrollToElement(findTestObject(""NewUser_ReviewPage/btn-createUser""), 5)",Edge Chromium 122,,,13-03-2024 11:00:22,13-03-2024 11:00:22,0.289s,PASSED
"click(findTestObject(""NewUser_ReviewPage/btn-createUser""))",Edge Chromium 122,,,13-03-2024 11:00:22,13-03-2024 11:00:23,0.377s,PASSED
"waitForElementVisible(findTestObject(""Portal_UI_ViewUsers/h-viewUsers""), 10)",Edge Chromium 122,,,13-03-2024 11:00:23,13-03-2024 11:00:24,1.468s,PASSED
"verifyElementText(findTestObject(""NewUser_ReviewPage/tst-userCreatedSuccessfully""), ""User has been created successfully."")",Edge Chromium 122,,,13-03-2024 11:00:24,13-03-2024 11:00:24,0.307s,PASSED
Start tear down : tearDownTestCase,Edge Chromium 122,,,13-03-2024 11:00:24,13-03-2024 11:00:49,25.008s,PASSED
,,,,,,,
Test Cases/UI/User Management/Create New User/UM-ReviewNewUser,Edge Chromium 122,,,13-03-2024 11:00:49,13-03-2024 11:01:56,1m - 6.505s,PASSED
"callTestCase(findTestCase(""UI/Authentication/Login/Login-Admin-ValidCredentials""), [:], STOP_ON_FAILURE)",Edge Chromium 122,,,13-03-2024 11:00:49,13-03-2024 11:01:15,25.816s,PASSED
"click(findTestObject(""Page_Home/btn-toggleMenu""))",Edge Chromium 122,,,13-03-2024 11:01:15,13-03-2024 11:01:15,0.321s,PASSED
"click(findTestObject(""Page_Home/span_Users""))",Edge Chromium 122,,,13-03-2024 11:01:15,13-03-2024 11:01:16,0.567s,PASSED
"click(findTestObject(""Page_Home/span_New user""))",Edge Chromium 122,,,13-03-2024 11:01:16,13-03-2024 11:01:17,0.666s,PASSED
"click(findTestObject(""Page_Home/btn-toggleMenu""))",Edge Chromium 122,,,13-03-2024 11:01:17,13-03-2024 11:01:17,0.787s,PASSED
"callTestCase(findTestCase(""UI/User Management/01_UM_Library/LB-UM-ReviewNewUser""), [:], STOP_ON_FAILURE)",Edge Chromium 122,,,13-03-2024 11:01:17,13-03-2024 11:01:31,13.316s,PASSED
Start tear down : tearDownTestCase,Edge Chromium 122,,,13-03-2024 11:01:31,13-03-2024 11:01:56,25.018s,PASSED
,,,,,,,
Test Cases/UI/User Management/Create New User/UM-CreateNewUser-InvalidEmailFormat,Edge Chromium 122,,,13-03-2024 11:01:56,13-03-2024 11:02:38,42.394s,PASSED
"callTestCase(findTestCase(""UI/Authentication/Login/Login-Admin-ValidCredentials""), [:], STOP_ON_FAILURE)",Edge Chromium 122,,,13-03-2024 11:01:56,13-03-2024 11:02:05,9.439s,PASSED
"click(findTestObject(""Page_Home/btn-toggleMenu""))",Edge Chromium 122,,,13-03-2024 11:02:05,13-03-2024 11:02:06,0.324s,PASSED
"click(findTestObject(""Page_Home/span_Users""))",Edge Chromium 122,,,13-03-2024 11:02:06,13-03-2024 11:02:06,0.550s,PASSED
"click(findTestObject(""Page_Home/span_New user""))",Edge Chromium 122,,,13-03-2024 11:02:06,13-03-2024 11:02:07,0.659s,PASSED
"click(findTestObject(""Page_Home/btn-toggleMenu""))",Edge Chromium 122,,,13-03-2024 11:02:07,13-03-2024 11:02:08,0.781s,PASSED
"username = ""testInvalidEmail@email.c""",Edge Chromium 122,,,13-03-2024 11:02:08,13-03-2024 11:02:08,0.000s,PASSED
"setText(findTestObject(""Page_Users/txt-email""), username)",Edge Chromium 122,,,13-03-2024 11:02:08,13-03-2024 11:02:09,0.911s,PASSED
"setText(findTestObject(""Page_Users/txt-phoneNumber""), ""+555 81295799"")",Edge Chromium 122,,,13-03-2024 11:02:09,13-03-2024 11:02:09,0.649s,PASSED
"setText(findTestObject(""Page_Users/txt-firstName""), ""Jane"")",Edge Chromium 122,,,13-03-2024 11:02:09,13-03-2024 11:02:10,0.641s,PASSED
"setText(findTestObject(""Page_Users/txt-lastName""), ""Doe"")",Edge Chromium 122,,,13-03-2024 11:02:10,13-03-2024 11:02:10,0.635s,PASSED
"setText(findTestObject(""Page_Users/txt-company""), ""Stark Enterprises"")",Edge Chromium 122,,,13-03-2024 11:02:10,13-03-2024 11:02:11,0.635s,PASSED
"setText(findTestObject(""Page_Users/txt-jobTitle""), ""CEO"")",Edge Chromium 122,,,13-03-2024 11:02:11,13-03-2024 11:02:12,0.645s,PASSED
"scrollToElement(findTestObject(""Page_Users/btn-next""), 5)",Edge Chromium 122,,,13-03-2024 11:02:12,13-03-2024 11:02:12,0.287s,PASSED
"click(findTestObject(""Page_Users/btn-next""))",Edge Chromium 122,,,13-03-2024 11:02:12,13-03-2024 11:02:12,0.362s,PASSED
"scrollToElement(findTestObject(""Page_Users/h-newUser""), 5)",Edge Chromium 122,,,13-03-2024 11:02:12,13-03-2024 11:02:13,0.527s,PASSED
"verifyElementText(findTestObject(""Page_Users/vdn-emailAddressNotValid""), ""Email Address is not valid."")",Edge Chromium 122,,,13-03-2024 11:02:13,13-03-2024 11:02:13,0.305s,PASSED
Start tear down : tearDownTestCase,Edge Chromium 122,,,13-03-2024 11:02:13,13-03-2024 11:02:38,25.008s,PASSED
,,,,,,,
Test Cases/UI/User Management/Create New User/UM-DuplicateUserEmail,Edge Chromium 122,,,13-03-2024 11:02:38,13-03-2024 11:03:21,43.233s,PASSED
"callTestCase(findTestCase(""UI/Authentication/Login/Login-Admin-ValidCredentials""), [:], STOP_ON_FAILURE)",Edge Chromium 122,,,13-03-2024 11:02:38,13-03-2024 11:02:47,8.916s,PASSED
"click(findTestObject(""Page_Home/btn-toggleMenu""))",Edge Chromium 122,,,13-03-2024 11:02:47,13-03-2024 11:02:48,0.326s,PASSED
"click(findTestObject(""Page_Home/span_Users""))",Edge Chromium 122,,,13-03-2024 11:02:48,13-03-2024 11:02:48,0.549s,PASSED
"click(findTestObject(""Page_Home/span_New user""))",Edge Chromium 122,,,13-03-2024 11:02:48,13-03-2024 11:02:49,0.663s,PASSED
"click(findTestObject(""Page_Home/btn-toggleMenu""))",Edge Chromium 122,,,13-03-2024 11:02:49,13-03-2024 11:02:49,0.741s,PASSED
"setText(findTestObject(""Page_Users/txt-email""), USERNAME_ADMIN)",Edge Chromium 122,,,13-03-2024 11:02:49,13-03-2024 11:02:50,0.880s,PASSED
"setText(findTestObject(""Page_Users/txt-phoneNumber""), ""+555 81295799"")",Edge Chromium 122,,,13-03-2024 11:02:50,13-03-2024 11:02:51,0.686s,PASSED
"setText(findTestObject(""Page_Users/txt-firstName""), ""Jane"")",Edge Chromium 122,,,13-03-2024 11:02:51,13-03-2024 11:02:52,0.630s,PASSED
"setText(findTestObject(""Page_Users/txt-lastName""), ""Doe"")",Edge Chromium 122,,,13-03-2024 11:02:52,13-03-2024 11:02:52,0.634s,PASSED
"setText(findTestObject(""Page_Users/txt-company""), ""Stark Enterprises"")",Edge Chromium 122,,,13-03-2024 11:02:52,13-03-2024 11:02:53,0.641s,PASSED
"setText(findTestObject(""Page_Users/txt-jobTitle""), ""CEO"")",Edge Chromium 122,,,13-03-2024 11:02:53,13-03-2024 11:02:54,0.624s,PASSED
"scrollToElement(findTestObject(""Page_Users/btn-next""), 5)",Edge Chromium 122,,,13-03-2024 11:02:54,13-03-2024 11:02:54,0.301s,PASSED
"click(findTestObject(""Page_Users/btn-next""))",Edge Chromium 122,,,13-03-2024 11:02:54,13-03-2024 11:02:54,0.341s,PASSED
"scrollToElement(findTestObject(""NewUser_ReviewPage/btn-createUser""), 5)",Edge Chromium 122,,,13-03-2024 11:02:54,13-03-2024 11:02:55,0.535s,PASSED
"click(findTestObject(""NewUser_ReviewPage/btn-createUser""))",Edge Chromium 122,,,13-03-2024 11:02:55,13-03-2024 11:02:55,0.336s,PASSED
"scrollToElement(findTestObject(""NewUser_ReviewPage/h-newUser""), 1)",Edge Chromium 122,,,13-03-2024 11:02:55,13-03-2024 11:02:56,1.082s,PASSED
"verifyElementText(findTestObject(""NewUser_ReviewPage/tst-emailDuplicated""), ""Email duplicated"")",Edge Chromium 122,,,13-03-2024 11:02:56,13-03-2024 11:02:56,0.305s,PASSED
Start tear down : tearDownTestCase,Edge Chromium 122,,,13-03-2024 11:02:56,13-03-2024 11:03:21,25.006s,PASSED
,,,,,,,
Test Cases/UI/User Management/New User Setup/UM-NewUser-PasswordComplexity,Edge Chromium 122,,,13-03-2024 11:03:21,13-03-2024 11:03:56,34.443s,PASSED
"sendRequestAndVerify(findTestObject(""API/UserManagement/COGNITO_DeleteUser""))",Edge Chromium 122,,,13-03-2024 11:03:22,13-03-2024 11:03:23,1.715s,PASSED
"if (API_TOKEN == """")",Edge Chromium 122,,,13-03-2024 11:03:23,13-03-2024 11:03:25,1.244s,PASSED
"EMAILADDRESS = ""shane@loyaltyit.com""",Edge Chromium 122,,,13-03-2024 11:03:25,13-03-2024 11:03:25,0.000s,PASSED
todaysDate = new java.util.Date(),Edge Chromium 122,,,13-03-2024 11:03:25,13-03-2024 11:03:25,0.000s,PASSED
"EFFECTIVE_DATE = plus(4).format(""yyyy-MM-dd"")",Edge Chromium 122,,,13-03-2024 11:03:25,13-03-2024 11:03:25,0.000s,PASSED
"sendRequestAndVerify(findTestObject(""API/UserManagement/UM_POST_CreateUser"", [""email"":EMAILADDRESS, ""phone"":""523453456345632656"", ""firstName"":""Shane"", ""lastName"":""Loftus"", ""company"":""LIT"", ""jobTitle"":""Director"", ... ]))",Edge Chromium 122,,,13-03-2024 11:03:25,13-03-2024 11:03:25,0.615s,PASSED
"sendRequestAndVerify(findTestObject(""API/Auth/AUTH_ValidateCode""))",Edge Chromium 122,,,13-03-2024 11:03:25,13-03-2024 11:03:25,0.220s,PASSED
"openBrowser("""")",Edge Chromium 122,,,13-03-2024 11:03:25,13-03-2024 11:03:26,0.969s,PASSED
waitForPageLoad(20),Edge Chromium 122,,,13-03-2024 11:03:26,13-03-2024 11:03:26,0.020s,PASSED
navigateToUrl(ACCOUNT_LINK),Edge Chromium 122,,,13-03-2024 11:03:26,13-03-2024 11:03:27,0.337s,PASSED
"setText(findTestObject(""Portal_UI_CreatePassword/txt-password""), ""passw0rd"")",Edge Chromium 122,,,13-03-2024 11:03:27,13-03-2024 11:03:29,2.474s,PASSED
"setText(findTestObject(""Portal_UI_CreatePassword/txt-confirmPassword""), ""passw0rd"")",Edge Chromium 122,,,13-03-2024 11:03:29,13-03-2024 11:03:30,0.670s,PASSED
"click(findTestObject(""Portal_UI_CreatePassword/h_createNewPassword""))",Edge Chromium 122,,,13-03-2024 11:03:30,13-03-2024 11:03:30,0.326s,PASSED
"click(findTestObject(""Portal_UI_CreatePassword/btn-createPassword""))",Edge Chromium 122,,,13-03-2024 11:03:30,13-03-2024 11:03:30,0.341s,PASSED
"verifyElementText(findTestObject(""Portal_UI_CreatePassword/vdn-passwordValidation""), ""Password must have at least 8 characters, including at least one uppercase letter, one lowercase letter, one digit, and one special character."")",Edge Chromium 122,,,13-03-2024 11:03:30,13-03-2024 11:03:31,0.443s,PASSED
Start tear down : tearDownTestCase,Edge Chromium 122,,,13-03-2024 11:03:31,13-03-2024 11:03:56,25.004s,PASSED
,,,,,,,
Test Cases/UI/User Management/New User Setup/UM-NewUser-PasswordMismatch,Edge Chromium 122,,,13-03-2024 11:03:56,13-03-2024 11:04:28,31.923s,PASSED
"sendRequestAndVerify(findTestObject(""API/UserManagement/COGNITO_DeleteUser""))",Edge Chromium 122,,,13-03-2024 11:03:56,13-03-2024 11:03:56,0.356s,PASSED
"if (API_TOKEN == """")",Edge Chromium 122,,,13-03-2024 11:03:56,13-03-2024 11:03:56,0.000s,PASSED
"EMAILADDRESS = ""shane@loyaltyit.com""",Edge Chromium 122,,,13-03-2024 11:03:56,13-03-2024 11:03:56,0.001s,PASSED
todaysDate = new java.util.Date(),Edge Chromium 122,,,13-03-2024 11:03:56,13-03-2024 11:03:56,0.001s,PASSED
"EFFECTIVE_DATE = plus(4).format(""yyyy-MM-dd"")",Edge Chromium 122,,,13-03-2024 11:03:56,13-03-2024 11:03:56,0.002s,PASSED
"sendRequestAndVerify(findTestObject(""API/UserManagement/UM_POST_CreateUser"", [""email"":EMAILADDRESS, ""phone"":""523453456345632656"", ""firstName"":""Shane"", ""lastName"":""Loftus"", ""company"":""LIT"", ""jobTitle"":""Director"", ... ]))",Edge Chromium 122,,,13-03-2024 11:03:56,13-03-2024 11:03:57,0.525s,PASSED
"sendRequestAndVerify(findTestObject(""API/Auth/AUTH_ValidateCode""))",Edge Chromium 122,,,13-03-2024 11:03:57,13-03-2024 11:03:57,0.249s,PASSED
"openBrowser("""")",Edge Chromium 122,,,13-03-2024 11:03:57,13-03-2024 11:03:58,0.929s,PASSED
waitForPageLoad(20),Edge Chromium 122,,,13-03-2024 11:03:58,13-03-2024 11:03:58,0.020s,PASSED
navigateToUrl(ACCOUNT_LINK),Edge Chromium 122,,,13-03-2024 11:03:58,13-03-2024 11:03:58,0.358s,PASSED
"setText(findTestObject(""Portal_UI_CreatePassword/txt-password""), ""Passw0rd123!"")",Edge Chromium 122,,,13-03-2024 11:03:58,13-03-2024 11:04:01,2.530s,PASSED
"setText(findTestObject(""Portal_UI_CreatePassword/txt-confirmPassword""), ""Passw0rd12345!"")",Edge Chromium 122,,,13-03-2024 11:04:01,13-03-2024 11:04:02,0.643s,PASSED
"click(findTestObject(""Portal_UI_CreatePassword/h_createNewPassword""))",Edge Chromium 122,,,13-03-2024 11:04:02,13-03-2024 11:04:02,0.308s,PASSED
"click(findTestObject(""Portal_UI_CreatePassword/btn-createPassword""))",Edge Chromium 122,,,13-03-2024 11:04:02,13-03-2024 11:04:02,0.390s,PASSED
"verifyElementText(findTestObject(""Portal_UI_CreatePassword/vdn-passwordsMustMatch""), ""The password and confirmation password do not match."")",Edge Chromium 122,,,13-03-2024 11:04:02,13-03-2024 11:04:03,0.552s,PASSED
Start tear down : tearDownTestCase,Edge Chromium 122,,,13-03-2024 11:04:03,13-03-2024 11:04:28,25.011s,PASSED
,,,,,,,
Test Cases/UI/User Management/New User Setup/UM-NewUser-SetPassword,Edge Chromium 122,,,13-03-2024 11:04:28,13-03-2024 11:05:01,32.707s,PASSED
"sendRequestAndVerify(findTestObject(""API/UserManagement/COGNITO_DeleteUser""))",Edge Chromium 122,,,13-03-2024 11:04:28,13-03-2024 11:04:28,0.397s,PASSED
"if (API_TOKEN == """")",Edge Chromium 122,,,13-03-2024 11:04:28,13-03-2024 11:04:28,0.001s,PASSED
"emailAddress = ""shane@loyaltyit.com""",Edge Chromium 122,,,13-03-2024 11:04:28,13-03-2024 11:04:28,0.001s,PASSED
todaysDate = new java.util.Date(),Edge Chromium 122,,,13-03-2024 11:04:28,13-03-2024 11:04:28,0.000s,PASSED
"EFFECTIVE_DATE = plus(4).format(""yyyy-MM-dd"")",Edge Chromium 122,,,13-03-2024 11:04:28,13-03-2024 11:04:28,0.000s,PASSED
"createUserResponse = sendRequestAndVerify(findTestObject(""API/UserManagement/UM_POST_CreateUser"", [""email"":emailAddress, ""phone"":""523453456345632656"", ""firstName"":""Shane"", ""lastName"":""Loftus"", ""company"":""LIT"", ""jobTitle"":""Director"", ... ]))",Edge Chromium 122,,,13-03-2024 11:04:28,13-03-2024 11:04:29,0.499s,PASSED
"verifyResponseStatusCode(createUserResponse, 201)",Edge Chromium 122,,,13-03-2024 11:04:29,13-03-2024 11:04:29,0.002s,PASSED
"sendRequestAndVerify(findTestObject(""API/Auth/AUTH_ValidateCode""))",Edge Chromium 122,,,13-03-2024 11:04:29,13-03-2024 11:04:29,0.212s,PASSED
"openBrowser("""")",Edge Chromium 122,,,13-03-2024 11:04:29,13-03-2024 11:04:30,0.986s,PASSED
waitForPageLoad(20),Edge Chromium 122,,,13-03-2024 11:04:30,13-03-2024 11:04:30,0.022s,PASSED
navigateToUrl(ACCOUNT_LINK),Edge Chromium 122,,,13-03-2024 11:04:30,13-03-2024 11:04:30,0.353s,PASSED
password = com.customKeywords.loyaltyIT.CustomKeywords.decryptPass(),Edge Chromium 122,,,13-03-2024 11:04:30,13-03-2024 11:04:30,0.001s,PASSED
"setText(findTestObject(""Portal_UI_CreatePassword/txt-password""), password)",Edge Chromium 122,,,13-03-2024 11:04:30,13-03-2024 11:04:33,2.463s,PASSED
"setText(findTestObject(""Portal_UI_CreatePassword/txt-confirmPassword""), password)",Edge Chromium 122,,,13-03-2024 11:04:33,13-03-2024 11:04:34,0.657s,PASSED
"click(findTestObject(""Portal_UI_CreatePassword/h_createNewPassword""))",Edge Chromium 122,,,13-03-2024 11:04:34,13-03-2024 11:04:34,0.313s,PASSED
"click(findTestObject(""Portal_UI_CreatePassword/btn-createPassword""))",Edge Chromium 122,,,13-03-2024 11:04:34,13-03-2024 11:04:34,0.375s,PASSED
"verifyElementVisible(findTestObject(""Portal_UI_SetupMFA/h-Setup2FA""))",Edge Chromium 122,,,13-03-2024 11:04:34,13-03-2024 11:04:36,1.333s,PASSED
Start tear down : tearDownTestCase,Edge Chromium 122,,,13-03-2024 11:04:36,13-03-2024 11:05:01,25.015s,PASSED
,,,,,,,
Test Cases/UI/User Management/View Users/UM-ViewUserDetails,Edge Chromium 122,,,13-03-2024 11:05:01,13-03-2024 11:06:04,1m - 3.218s,PASSED
"callTestCase(findTestCase(""UI/Authentication/Login/Login-Admin-ValidCredentials""), [:], STOP_ON_FAILURE)",Edge Chromium 122,,,13-03-2024 11:05:01,13-03-2024 11:05:10,8.836s,PASSED
"click(findTestObject(""Page_Home/btn-toggleMenu""))",Edge Chromium 122,,,13-03-2024 11:05:10,13-03-2024 11:05:10,0.331s,PASSED
"click(findTestObject(""Page_Home/span_Users""))",Edge Chromium 122,,,13-03-2024 11:05:10,13-03-2024 11:05:10,0.533s,PASSED
"click(findTestObject(""Page_Home/span-viewUsers""))",Edge Chromium 122,,,13-03-2024 11:05:10,13-03-2024 11:05:11,0.607s,PASSED
"click(findTestObject(""Page_Home/btn-toggleMenu""))",Edge Chromium 122,,,13-03-2024 11:05:11,13-03-2024 11:05:12,1.070s,PASSED
"ExpectedValue = ""bryan@loyaltyit.com""",Edge Chromium 122,Expected value from Table,,13-03-2024 11:05:12,13-03-2024 11:05:12,0.000s,PASSED
driver = getWebDriver(),Edge Chromium 122,,,13-03-2024 11:05:12,13-03-2024 11:05:12,0.001s,PASSED
"Table = driver.findElement(By.xpath(""//table/tbody""))",Edge Chromium 122,To locate table,,13-03-2024 11:05:12,13-03-2024 11:05:13,0.506s,PASSED
"Rows = Table.findElements(By.tagName(""tr""))",Edge Chromium 122,To locate rows of table it will Capture all the rows available in the table ,,13-03-2024 11:05:13,13-03-2024 11:05:13,0.295s,PASSED
"println(""No. of rows: "" + Rows.size())",Edge Chromium 122,,,13-03-2024 11:05:13,13-03-2024 11:05:13,0.001s,PASSED
"""Find a matching text in a table and performing action""",Edge Chromium 122,,,13-03-2024 11:05:13,13-03-2024 11:05:13,0.000s,PASSED
"for ([i = 0, i < Rows.size(), (i++)])",Edge Chromium 122,Loop will execute for all the rows of the table,,13-03-2024 11:05:13,13-03-2024 11:05:36,23.010s,PASSED
"verifyElementText(findTestObject(""Portal_UI_ViewUserDetails/lbl-firstName""), ""Bryan"")",Edge Chromium 122,,,13-03-2024 11:05:36,13-03-2024 11:05:37,0.872s,PASSED
"verifyElementText(findTestObject(""Portal_UI_ViewUserDetails/lbl_lastName""), ""Grant"")",Edge Chromium 122,,,13-03-2024 11:05:37,13-03-2024 11:05:37,0.311s,PASSED
"verifyElementText(findTestObject(""Portal_UI_ViewUserDetails/lbl-emailAddress""), ""bryan@loyaltyit.com"")",Edge Chromium 122,,,13-03-2024 11:05:37,13-03-2024 11:05:37,0.296s,PASSED
"click(findTestObject(""Portal_UI_ViewUserDetails/btn-back""))",Edge Chromium 122,,,13-03-2024 11:05:37,13-03-2024 11:05:38,0.333s,PASSED
"verifyElementVisible(findTestObject(""Portal_UI_ViewUsers/h-viewUsers""))",Edge Chromium 122,,,13-03-2024 11:05:38,13-03-2024 11:05:39,1.073s,PASSED
Start tear down : tearDownTestCase,Edge Chromium 122,,,13-03-2024 11:05:39,13-03-2024 11:06:04,25.014s,PASSED
,,,,,,,
Test Cases/UI/User Management/View Users/UM-ViewUsers-CreateNewUser,Edge Chromium 122,,,13-03-2024 11:06:04,13-03-2024 11:06:57,52.691s,PASSED
"callTestCase(findTestCase(""UI/Authentication/Login/Login-Admin-ValidCredentials""), [:], STOP_ON_FAILURE)",Edge Chromium 122,,,13-03-2024 11:06:04,13-03-2024 11:06:13,8.935s,PASSED
"click(findTestObject(""Page_Home/btn-toggleMenu""))",Edge Chromium 122,,,13-03-2024 11:06:13,13-03-2024 11:06:13,0.320s,PASSED
"click(findTestObject(""Page_Home/span_Users""))",Edge Chromium 122,,,13-03-2024 11:06:13,13-03-2024 11:06:14,0.532s,PASSED
"click(findTestObject(""Page_Home/span-viewUsers""))",Edge Chromium 122,,,13-03-2024 11:06:14,13-03-2024 11:06:14,0.580s,PASSED
"click(findTestObject(""Page_Home/btn-toggleMenu""))",Edge Chromium 122,,,13-03-2024 11:06:14,13-03-2024 11:06:15,1.047s,PASSED
"click(findTestObject(""Portal_UI_ViewUsers/btn-createNewUser""))",Edge Chromium 122,,,13-03-2024 11:06:15,13-03-2024 11:06:16,0.679s,PASSED
"callTestCase(findTestCase(""UI/User Management/01_UM_Library/LB-UM-ReviewNewUser""), [:], STOP_ON_FAILURE)",Edge Chromium 122,,,13-03-2024 11:06:16,13-03-2024 11:06:29,13.468s,PASSED
"click(findTestObject(""NewUser_ReviewPage/btn-createUser""))",Edge Chromium 122,,,13-03-2024 11:06:29,13-03-2024 11:06:30,0.330s,PASSED
"waitForElementVisible(findTestObject(""Portal_UI_ViewUsers/h-viewUsers""), 10)",Edge Chromium 122,,,13-03-2024 11:06:30,13-03-2024 11:06:31,1.448s,PASSED
"verifyElementText(findTestObject(""NewUser_ReviewPage/tst-userCreatedSuccessfully""), ""User has been created successfully."")",Edge Chromium 122,,,13-03-2024 11:06:31,13-03-2024 11:06:31,0.311s,PASSED
Start tear down : tearDownTestCase,Edge Chromium 122,,,13-03-2024 11:06:31,13-03-2024 11:06:57,25.014s,PASSED
